gamma,C,epsilon,rmse
33.111089558624,101.22408536473557,0.40296327521748154,7.69527632269
75.26952404545597,476.0277633799292,0.14325245396973832,7.69317287234
70.27905641385388,954.6594853837128,0.26393840829681314,7.69357387046
59.421546549983574,243.5723543482056,0.3514489590186358,7.69447013784
84.05688596151785,947.2539697197792,0.321314039097061,7.69409072631
4.026279421042814,77.73906459120201,0.15906046163794124,7.68988636253
90.40724625795734,317.03199723944516,0.22794591228059474,7.6933720083
11.780476057468904,964.4560184664772,0.2666808627560354,7.69359666546
47.28344763371704,315.9405695287908,0.20069960253766742,7.6932797554
67.94896841287695,625.5895525426741,0.4279128983500573,7.69573808704
45.307881771992975,792.1381654178596,0.18787374593712225,7.69323792735
74.5328634520457,196.81600569555138,0.220916630985788,7.6933448416
13.123711812330397,634.7629480767728,0.4245048393408364,7.69566756988
58.74532768776852,874.9314289380511,0.15152029171022643,7.69318078466
76.6351805252769,228.68707275745862,0.4645248016657145,7.69649649604
95.53051110900692,945.4419313607993,0.25798364855534583,7.69353452382
69.8855572623763,75.08117417218864,0.28440061624722524,7.69372678446
15.539394558189786,135.608343244179,0.13704807922294956,7.69317321932
22.648286887540117,809.6982208993611,0.14019623309389476,7.69317461795
92.94794799649499,899.3122970782766,0.49939714134510804,7.69731685927
36.52271199925883,459.46414370332207,0.10923421104649036,7.69319996156
59.194745785458956,451.58794066072824,0.10087911227196017,7.69322079087
0.7924856931851094,562.4471369668462,0.1721043789577103,7.3336169546
5.883540320679167,611.4877335181311,0.1974415550415288,7.69287643337
1.2362347200237767,14.697431459932375,0.17016888887639042,7.74527750589
23.571002634320717,572.072421606941,0.10699182586348344,7.69320388538
0.33197822011858946,367.51199636205183,0.3178828403119245,7.04408274532
28.041415943060677,376.350208827414,0.35025748361035924,7.69445297702
37.40656878025702,731.1540225041257,0.38058405309454035,7.69489410944
7.9584712030341835,551.512982701476,0.29712744909106703,7.69379434997
0.8595099985834223,702.2377389692153,0.3255592588241284,7.36913128003
19.533123155255545,382.1523250081822,0.22989278610824726,7.69338200783
30.554856859013896,501.32232354271594,0.3768057976950686,7.69483373175
0.191630962846574,414.66032809820103,0.32857554161032315,6.84645615813
38.57723788223723,393.4678914875499,0.3340823207537832,7.69424466125
17.371322394351605,291.1395673063587,0.3843449314941313,7.6949549799
9.252754388273031,166.4402931942887,0.41528043770568274,7.69548520655
43.43029986473768,262.9290883905844,0.463433219747735,7.69647267155
53.77985064186703,421.16292082111204,0.31080709503478055,7.69397723054
27.47671070016369,355.1431519037134,0.35238788403562377,7.69448647122
84.0430287808822,10.386429580678168,0.2575482589982898,8.32913644001
11.857467340447757,332.6477499643226,0.2799938545092976,7.69369217967
51.235108303401795,514.09852850788,0.4506535314784544,7.69620017944
4.618610442407729,684.6339422200239,0.4964196986235204,7.69568271983
32.76460035138288,204.9355676014289,0.40276125001728325,7.69527090518
99.9835858735536,109.26748450538872,0.2442918547480987,7.69345755425
20.17011351480161,267.92572550198827,0.3445675020664032,7.69438048853
65.4103402849241,502.22316889356784,0.3076179787799925,7.6939457024
42.70230544045494,421.06590885414204,0.36635987265333814,7.69467980711
13.429617038809745,766.3519304496888,0.21520429938495506,7.69332336729
24.471147124422824,659.2794282478969,0.2783664651355901,7.69367880609
83.05618746902246,309.70580313293726,0.4004568029909256,7.69523324417
63.9191426981711,76.60546795495543,0.4406442225598961,7.69599162039
2.350089832376315,177.50312545715022,0.2395701571555577,7.66119193485
7.949248165166167,596.6911202406333,0.29734866328715837,7.69379265856
56.09723324882109,230.70252054029626,0.4782393962202423,7.69680206368
47.29087427501618,840.3993855240171,0.32167684869915975,7.69409565568
16.740442620661113,434.15982604902024,0.3601822965850024,7.69458898242
77.58335179433632,534.6991007619837,0.20633099855765386,7.69329521457
88.04583207727178,998.1012511208138,0.3363050471853082,7.69427386108
34.29443096933961,485.3642275216838,0.41547999145633124,7.69549978852
0.2925356456872266,125.62074630036335,0.2685576138354959,6.99608880316
40.47130088043552,39.69901123443876,0.26272260709837486,7.69356647735
27.006520858475017,116.72313359900133,0.1298256261172526,7.69317266961
20.043827355729565,43.87214493400215,0.16391863799344308,7.69319723681
4.068060651946979,161.74079918794726,0.2722651723660759,7.69053543343
8.969248262491595,279.5507524789475,0.18852210403981295,7.69322333
0.5068627963138626,355.9980090085702,0.2486845304341025,7.1884789772
14.43467174235751,242.46127114077177,0.2874854094500275,7.69375351913
6.936843201557841,149.11493942173246,0.23192174341254823,7.69326638318
0.2637394885377121,202.4097427533742,0.3133098827981281,6.95966463881
11.941108912650533,39.65495606218265,0.38671505644082055,7.69499421586
3.9769447679968297,203.37836190228325,0.3356897065625175,7.69083229243
10.123364409881564,313.91491115653105,0.2905815173015224,7.69377535662
17.790425336541258,77.64612609318803,0.2542152562986448,7.6935157984
24.884746634923406,332.579965498971,0.31255620878976487,7.69399513685
6.103492201145965,133.25914047846078,0.36883741671380466,7.69441506294
15.325607635411105,407.39508257488114,0.26810711978664864,7.69360240503
30.611656838149326,215.56359586253674,0.22172920723896083,7.69334785773
21.924985173451667,471.192639733548,0.39365062011581775,7.69511268069
2.9367968127794946,254.5911752137755,0.19340163429893362,7.67945524897
11.34664773749093,188.8504695395331,0.3062004422013484,7.693928074
72.22660803465857,582.4618057505822,0.32602690698610676,7.69414628045
0.4988442889789217,93.98037482049727,0.2071250637276274,7.18296097375
30.579413711221154,295.63440749589125,0.3502425044476797,7.6944523077
61.394098535509585,642.8001028412084,0.15119570149032774,7.69317762015
5.457615916657285,447.5557541953922,0.42959879724721534,7.69516383021
34.89400320447523,336.915587759696,0.2344576673495985,7.69340240968
48.202298090838056,534.612451941162,0.30015647268797024,7.69386375992
19.19261027496963,393.4029441847459,0.3681934492829894,7.69470199835
21.526938780968155,13.90734263299187,0.17464499493919658,7.9810421107
99.0689498232956,129.37493330544586,0.27946945318155286,7.69368808184
0.10675063161185318,55.33447673871156,0.41727619663889043,6.70631942188
14.314177552297624,728.4767274698852,0.4819593826602746,7.69688632061
80.59096730306129,54.38743523873018,0.41439010629389506,7.69547906408
39.569455026248754,155.38844587076977,0.4513118246628988,7.69621287873
26.90471064296441,96.48508221218488,0.42557811565144243,7.69569071017
51.33935065810477,217.58493814742368,0.3754625952597287,7.69481424566
7.680513204515532,179.7665728963917,0.48214612531758005,7.69683905603
2.3327362205145064,286.2043991625234,0.4354888679361305,7.66360210805
88.37760530001934,230.68120269495702,0.35825439064948417,7.69456298274
42.43909109552837,64.68274398359188,0.3412681364763696,7.69433888344
37.35879819586313,374.1547081639323,0.4691215776747689,7.69659380385
11.640200215708068,488.99177584758587,0.40871431331312186,7.69537777826
17.290236580165278,610.4057964456945,0.39110930433048985,7.69507219633
25.00168381261636,23.684278634642865,0.31780605793213934,7.69211292524
5.316787541340284,268.79394382820414,0.4923146840046232,7.69643552843
56.478182122305824,677.4097740828535,0.3300070323114478,7.69419568579
9.78860296797508,348.78466340143814,0.44576857731286534,7.69609138601
28.99369921363642,520.1878724709032,0.4616995010025846,7.69643596028
95.89198667699114,919.2206439671038,0.3750531970938929,7.69480760343
22.800897543497666,412.40315226147914,0.35964720813179724,7.69458171004
45.20247386774308,449.9898360642834,0.3976770448211036,7.6951831142
33.167462469176485,245.42394175464213,0.3457973276348082,7.69439750384
13.396213096407402,141.28959644610845,0.2924710455248482,7.69379552978
15.945793629808898,104.75002872058351,0.41989983955490295,7.69557980565
66.58637725395174,560.9856238668831,0.3813303619828833,7.69490574166
2.183151440655143,828.4238524907221,0.2507898177972576,7.65196408305
18.65356972898135,299.664452015885,0.40479249518957344,7.69530674066
7.244826277165653,321.3503799269192,0.3039591667875646,7.69381319375
10.512483982418074,173.35410916105917,0.12502522056649654,7.69317367863
0.1407518641068127,204.9498708108186,0.45545877872825113,6.76288807936
71.43284313053528,82.15828883156854,0.47256802566827844,7.69667265873
0.16473901736492907,765.9373873812856,0.4980077300808248,6.80288724768
4.018057097618261,775.3294731284767,0.4557798529190298,7.69308783662
21.059783904448604,846.9210128960469,0.49087249411251566,7.69710591178
8.682904051849972,717.5742073430984,0.43662280902269307,7.69589084747
13.308400893458387,749.332847359454,0.4594346049984353,7.69638904777
35.75611910441014,984.1435865201904,0.49219821189100466,7.69714002915
62.59839908507841,959.5039489084113,0.4413405172411333,7.69600436854
32.651833712342615,917.6422134287825,0.4997476176104524,7.69732678934
25.871685521615316,786.9369825351912,0.4739483126397386,7.69670311275
23.45608699999715,861.2647478473672,0.49945190745922147,7.69731943368
68.97538431451704,817.8538698085226,0.43089498055757675,7.69579838982
0.168578213418573,645.9276239759403,0.48475483646063244,6.80903210662
28.328353533422188,754.9293046619549,0.4467427493228646,7.69611367848
6.0886244818330315,686.6317472985334,0.46948187689698656,7.69630320856
2.3527272164735153,594.6769763092123,0.41555210235800744,7.66411094864
15.386985781086672,805.8410555080097,0.45561374024241114,7.69630290271
18.46030902253192,26.81094901384685,0.4873756036032713,7.68414895496
53.17627715422803,881.0605864385496,0.40789688286986203,7.69536223308
30.47830464034118,615.0427061694676,0.4260882473320291,7.69570010832
49.45369148140795,942.3924816883176,0.46545179310823476,7.69651805457
44.57832954710682,10.85353209043894,0.3896347051721318,8.2721939528
41.332921818163754,540.4452525182933,0.4395934827676822,7.69597093055
0.8717783205077265,654.6280009676908,0.4789115620830072,7.38105627696
3.812899807936387,634.509541255457,0.48404294992219965,7.69278260149
0.17189728452994835,705.0334005458541,0.4497497072065866,6.81434399665
8.170638419156253,670.8498955342479,0.46434246268384743,7.69645517722
12.463154091825826,584.774603309469,0.4215725295812154,7.69561399387
5.170394910393601,751.1131021889972,0.49850532227331107,7.6964676739
9.83998301284973,692.6274168450891,0.4748652198906193,7.69671945964
74.42277720905456,634.2274190192966,0.49986967671239274,7.69732924062
15.991584348308507,723.4149011680016,0.4555675430774853,7.69630164176
6.2817630645611375,893.8334908538399,0.3985395126922337,7.69494602192
11.579155681420373,662.7564851820945,0.47935240675608226,7.69682710357
2.847066484093937,788.0012803442472,0.43579887055691685,7.6807173287
0.36668374352255584,568.6448757741082,0.4864664835983966,7.08440201879
20.19456357415001,470.6120351449622,0.4447087320188059,7.69607048754
14.058006084860667,520.9839022845831,0.4080399585931828,7.69536300086
9.03867226635171,741.7933029436073,0.42741167305030703,7.69571228371
7.787762532177972,852.5160330257371,0.49355678021715,7.69712306161
3.9037728971497696,611.6476060730658,0.4520272461215195,7.69251592112
16.9090409714582,703.0058141519758,0.4658215277555434,7.69652581196
80.7301540028232,929.9441818394864,0.36553433310479544,7.69466835556
0.19002049192839068,986.1565571907237,0.4153719252882271,6.84410294564
23.435712142492406,772.8129454652862,0.3840070775104495,7.69494880662
90.95618523367287,803.283397995952,0.4312615613544175,7.69580557525
10.550215257201895,505.10927119095106,0.3982392313736741,7.69518831352
12.983841538112125,646.3183443815914,0.47131449060467184,7.69664894349
1.6827273895149368,831.8899106197182,0.45871797456658636,7.6070461307
6.125630861822048,59.365121555737886,0.37516046950271154,7.69451440789
20.390656985668382,437.75945689680714,0.4855622513309398,7.69697429005
4.61721210001214,111.44731598883867,0.44323497735931877,7.69447980586
18.428812119600682,886.4217765828693,0.4757995439004566,7.69674154569
26.11976508440754,867.821694809585,0.4993200996344149,7.69731562484
57.20201140857298,393.59692021043,0.18109446537213192,7.69322872328
2.1907189004703023,538.464723896383,0.3904917928903475,7.65473759728
21.82975918385564,733.291651121632,0.42195551348318555,7.69562568234
14.948752825618321,158.37768168719145,0.4909377068227839,7.69710848286
0.11965126705971044,36.98778457878261,0.4082235136362937,6.72528466731
38.75419319257326,190.88833957990147,0.40593355406867776,7.69532810733
10.809485095032993,29.644730793990004,0.3415373360987417,7.68560162698
7.277084351464719,47.96720077601983,0.37996868456327854,7.6947956008
9.268295154121457,84.45620751317205,0.3561049712548026,7.69452155098
31.330421771237102,132.73188703657752,0.39755866916836285,7.69517729287
0.18498874047800748,221.25364148857756,0.3650423199997972,6.8357052295
3.7358011140410956,11.488826566868987,0.351197107682275,8.19445925423
86.0847339228573,68.61141024162679,0.3322363334609897,7.69422275511
28.95678707109323,262.04201757105835,0.3192806345922062,7.69406565835
16.750178003589188,98.93252371061406,0.41079296686541866,7.69541713309
59.15038051125589,118.84413630501764,0.4353735962849691,7.69588696288
12.173478230451728,244.25573567410368,0.372552503751011,7.69476766602
36.79975348064715,173.89618127983124,0.4233792273258131,7.69565266213
4.856314148508042,355.17801592429595,0.45081674812963773,7.69501325534
24.187566440482332,49.973857403194984,0.3865333022200403,7.69499202728
7.179573431619509,154.6312881729803,0.4407113942688745,7.69589214886
14.690682893835385,194.50543233210715,0.4564076812524609,7.69632248229
46.242573695684214,315.79983626338327,0.41648827172198644,7.6955185166
2.340009547967024,209.34786391400718,0.46766602348629105,7.66476422589
33.819124298462555,280.0420491141904,0.429174118618891,7.69576561104
17.95719007320949,90.51925438415435,0.4015185821323117,7.69524734654
9.169128850131482,10.9091415148478,0.3453528249696419,8.26530435903
77.90098703888013,138.77447681180692,0.3619831117810425,7.69461052827
54.02800712551573,69.24610619575367,0.46125204155555594,7.69642592157
12.694780284806047,29.791226417901186,0.10748139601078546,7.68456241252
5.921382312093147,108.25274915275139,0.3914811994607038,7.69470825665
0.2292791128123855,427.63923847276004,0.49982399062870886,6.91353482446
21.8691447513981,231.7969466529313,0.44883258435319556,7.69616058444
19.790647429014406,461.7330711192806,0.3254640683843386,7.69413964548
94.94435011322479,164.04933937762206,0.12012179872572151,7.69318211352
0.11530736849936497,382.25359705939445,0.47580077081066363,6.71752908732
27.700277212881407,369.27579786768547,0.3795170662920443,7.69488071775
65.55736473881471,298.3463425145404,0.43635513309639423,7.69590566856
2.3938781823884265,333.44504173599336,0.4115440228723265,7.66591340889
10.91756774904534,391.96353748235583,0.3382527138316595,7.69429516628
15.886031880964309,284.8706871646751,0.4198549985863456,7.69557947267
7.5748044087444,253.7893525234655,0.30880172090066493,7.69388989068
26.065824404411146,191.5718791138577,0.28795648363160853,7.69375553489
3.7529048506039566,488.27200195106275,0.3701210283698232,7.69020175522
12.338112656687862,269.837531332493,0.2593640694923681,7.69354648539
0.20900409350402444,348.42251518008095,0.4753642411940574,6.8770640345
62.48044199157218,219.26782496690083,0.35640621066131284,7.69453775461
98.72440648343911,324.3790798515811,0.40312632702608187,7.69527977624
5.89758426325148,236.45043488119313,0.27285612303436485,7.69325435895
31.95688835409613,414.62956275973073,0.4290971154816044,7.6957634124
8.827542827977371,137.3072988435885,0.46586588490998965,7.69651016313
43.31781796901167,171.21894742788484,0.14819498886646418,7.69317312371
14.4255835441924,304.02560545695326,0.4467462989606665,7.69611455339
18.2769666036549,372.71012240075333,0.3950849415448153,7.69513790564
24.764229043152195,44.28756092299398,0.48106973800961256,7.69686550684
2.0733324389960845,112.06233038710373,0.3831352339126516,7.64651862267
74.0308705074049,205.59139356921818,0.2958884846162134,7.69382297826
35.22997041388718,61.627230407736334,0.4906804186685373,7.69710092849
49.778798928068184,77.88385537801261,0.4609173907983696,7.69642057875
4.647605554464003,451.77347204443635,0.34984642108076447,7.69291986355
22.53122929869812,124.82403966007979,0.4373126127264146,7.69592781026
0.17225109272711436,404.55641410901836,0.4207394375854027,6.81476466405
40.345996642990606,147.34631442378944,0.24486847278800475,7.69345993201
11.151845131806697,262.1320293651977,0.4089303237390167,7.69538220676
20.27656160998952,340.6879712524726,0.47105532941086264,7.69663982695
13.651567965352879,24.939130529324245,0.45244977609241316,7.68719188822
29.309079982481425,190.92183685008686,0.4431679348287261,7.69604008212
7.36661868202574,10.52574374971806,0.3739928487658662,8.31205009232
17.12108869992587,89.11898210967746,0.3907847227319184,7.6950652051
9.494778760102216,241.7709563299614,0.4307904870291346,7.69578564309
0.21546705367196264,288.9355577372947,0.3142535217622088,6.88648455942
3.1627824553919752,479.63564567610456,0.3327177932842594,7.68432770705
5.829318665462584,173.32573030685,0.2066447753241351,7.69288314305
37.84310533718141,379.94985280014953,0.36487110752613533,7.69465660546
16.279507637852966,217.34786509090304,0.48062638635288835,7.69685352837
10.104275041129295,37.16416818262778,0.1615353987896165,7.69318577631
69.63733423378962,125.58326135222849,0.499701359740257,7.69732525627
51.781022044424205,318.67099982589616,0.22125643172747075,7.6933458202
2.257348016600279,429.08199140048333,0.41398945833253903,7.65917475481
22.889807373010324,150.73666608625905,0.4860697013669554,7.69698666101
4.589435287406154,96.5711147982394,0.4574625336996464,7.69472497266
6.909782451439073,505.3531023506421,0.49907421838685545,7.69718409544
0.4046787610440745,591.2051045765027,0.47056069946982537,7.11977438458
8.193606774463213,532.2531610304135,0.4758314878504588,7.69671419806
0.20504689391012068,559.188915064286,0.4462590546205492,6.86959596958
3.819743241890182,362.18287821293717,0.49018292132640867,7.69297442596
13.5345143785525,947.7392515303212,0.43556098838672214,7.69589257032
2.126750258417446,67.74857639951199,0.4591311373227257,7.65223163397
11.472330834511922,43.14863520701686,0.4245791417375306,7.69566793457
4.890978145565794,619.2146501669274,0.46648875137818546,7.69540150578
9.502849589193303,442.43735758330814,0.48482343072547496,7.69695031776
0.11972731433312497,991.7078939700002,0.40253897634086666,6.72545862073
6.7072063677960285,10.83631282790041,0.4049838102237859,8.27421603805
2.878311996469307,189.09624426830595,0.3827480369832931,7.68031222225
14.214571082943632,269.2491889432329,0.4010312021932118,7.69523962938
18.939027747375732,106.29306675364823,0.4185541584502329,7.69555402691
11.177689581632889,306.1402732052044,0.35565863144066656,7.69452492247
5.846886290196572,58.82402864763387,0.3885659445317468,7.69462934969
0.14451798879601502,229.3437102395979,0.3962990614379836,6.7689558457
8.142953258690577,401.1417335111069,0.4139380654774554,7.69543693802
15.172720518033419,78.85252749254855,0.3757290564275166,7.69481781318
2.3437420535243585,155.72827331714586,0.42776862349661393,7.66395770639
0.22010695395996385,128.8479879560258,0.4404956259393807,6.89651424524
12.09073960352303,977.6374815003236,0.3393243275365422,7.69430792377
16.93791676101315,462.5756679627608,0.45140970816279335,7.69621721322
5.17633639089788,201.12259104303632,0.32180401065407277,7.69326090196
82.50643981674517,349.36723113613334,0.3660515179204678,7.69467625455
21.33992447596532,258.5710284559546,0.4052477880230024,7.69531637017
9.055741477854808,175.69444955908693,0.34765138846065785,7.69440303165
3.9661229183008713,99.9558268897697,0.4245909441159334,7.69222929002
0.16694163487289893,383.0644912761324,0.3930310601533896,6.80562071003
26.41686870072354,28.683641508498486,0.4392724302163423,7.68582309865
13.184424453088573,282.09593826822106,0.38368118987055405,7.69494575059
18.589648226955696,241.35973852265099,0.4113843132307282,7.69542727755
6.80938032847393,573.4515352044093,0.43119375129216664,7.69566189929
2.222489706940793,50.92905295080834,0.4473423105889493,7.65799048691
10.417342374790886,331.90490182207594,0.37105219711663795,7.69474401779
47.377730254079005,496.38444548966595,0.4618749344591724,7.69643965069
60.75815865092606,140.99127533540542,0.30267501301642774,7.69389092371
8.012951132458403,208.49121913226844,0.4205327478043084,7.69555308635
24.775647021833432,13.257968715007234,0.4001630250395372,8.03428930818
1.5137820978352372,519.1563784355235,0.36104199912787793,7.5759003723
4.343481734910925,904.554605563922,0.2793762998627919,7.69147468772
16.084990158467786,79.32371017830152,0.4772600230027373,7.69677658336
12.5042845623268,170.7119991275349,0.45310710882390076,7.69624965516
10.055720092216779,111.07101397096413,0.4947256766621413,7.69719710415
0.11649766749651831,426.8753873304689,0.43486609877744,6.71965694795
6.131791683865728,542.0167747619878,0.386435194735741,7.69469879345
20.796458365884295,436.755182517893,0.3319598902435417,7.6942195359
14.871479748910524,465.631575725463,0.41102429349957187,7.69542014144
67.49027661898337,557.8628710481782,0.4327910108809539,7.69583511545
3.2548202032885793,416.35229501145056,0.37803689429531956,7.68616171321
90.52003376368458,480.93815710750397,0.3552533377575097,7.69452044068
8.032549452466895,714.8864977386959,0.4199670893887097,7.69554061764
0.14647249340425716,679.1270392363786,0.34563393715250557,6.77208108179
1.7332209737303361,599.2696258212172,0.40203984714866897,7.61238637883
19.364414988052395,633.697177948465,0.44251426646041814,7.69602821622
87.39258220345646,513.6562624792934,0.4693630156380167,7.69659936223
28.79995406252598,359.90998091111237,0.32584688445971877,7.69414401749
55.63453120518731,658.2568247624092,0.3943368396264384,7.69512387033
5.089814914971611,389.5345929272678,0.37179865558918324,7.69383983941
64.21598060805215,423.84012964603795,0.4154445395839859,7.69549837711
17.475952788074878,454.5061480337775,0.4620317831702563,7.69644115877
11.559415486518335,490.5716480436096,0.4278557588067083,7.69573600326
13.90601504825272,553.4630869079372,0.3610778758396869,7.69460156484
23.21812054020563,524.3914197467222,0.4070806692947673,7.69534757051
76.14077185618726,582.8987190964607,0.43497726176830775,7.69587907493
71.8243836858649,992.9951362274404,0.44837526537632066,7.69615099972
30.955175628687645,800.9881991941287,0.3872552002083504,7.69500651313
9.438972824386878,299.5808909696709,0.37774968375810064,7.69484040799
33.75063889095931,605.8912186347463,0.3127714127080022,7.69399781281
6.452443497159158,405.7055035188929,0.33736062642529385,7.69407978413
4.574719165918627,370.1798893798463,0.480166425669725,7.69520080793
8.069170595399221,821.595570978205,0.47053824366524355,7.69659326121
0.3675678520188349,333.76365094532997,0.23666841922515675,7.08140976879
2.6061089673099254,915.9164312864145,0.4570004557095843,7.67490064033
78.5172853026999,469.3435934175974,0.3959756739204449,7.69515293769
41.95101728127138,691.9118244895069,0.44375449006552126,7.6960521524
0.11547595728607112,970.002379967472,0.4921840009460179,6.71774827683
93.94775420060077,760.7150389731192,0.4981531027959024,7.69728599923
14.920063345861877,961.6339868650659,0.4859138760271335,7.69698255554
11.580743574470958,839.9125896064031,0.48867059530013207,7.69704935391
21.270287297651567,508.8407664296495,0.4741872189826045,7.69670534671
10.112944366885273,862.7594681139462,0.4976757607408147,7.69727012367
3.2187591664880406,485.28263478100797,0.4642979278032836,7.68745222658
27.482643734606302,546.6790859900403,0.4783453589177973,7.69680364406
16.09420130920888,443.6830760131574,0.4532796358776335,7.69625591276
0.147852260649046,313.08355896792995,0.48497578998632934,6.77499269268
5.863283801418923,730.4484444783659,0.49204587327661803,7.69674847625
25.011992629648635,620.1312134144274,0.4662797762866276,7.69653352658
44.96221141392442,572.9841135854457,0.4346240091526538,7.69587086489
19.542033026428765,395.0117415530804,0.49418530411217965,7.69718948605
97.79461350017726,346.0291737878929,0.19339112320538432,7.69325360153
7.759811017811844,784.4462050673255,0.4224904139069865,7.69557636186
13.571703746421901,254.60936314239888,0.4525349288641526,7.69623967231
2.110199200824327,420.7696216824564,0.4414368121414669,7.65060806057
17.71209197105271,276.7484885469602,0.4622031156591392,7.69644475691
12.418324333885916,531.8006879361615,0.473372827565281,7.69669401511
5.2472833664284115,933.4113238899424,0.42968185542261617,7.69500712906
3.96014986155317,379.1318622372918,0.2636812659091414,7.6900324098
57.95416696670344,666.4370903609349,0.4818803263864432,7.69688575948
9.885329903223072,444.96619893785294,0.1762111766639018,7.69320773288
36.100090270171194,640.9959534612829,0.1387548383070284,7.69317316094
85.41422255362075,355.7573775720783,0.44663621571977324,7.69611364482
22.26918585951795,299.75208044678266,0.45750275977506943,7.69634231105
0.19588996010726417,222.90027960888256,0.21191098247924184,6.85356225216
7.669040071718683,493.66924060228064,0.22649110762113617,7.69330815177
38.97068638464034,596.7088281540048,0.41090199379665177,7.69541630768
2.245464210091211,325.9202795281381,0.49886812893705035,7.66071596492
16.439844746798894,468.6495834287135,0.43609042756918626,7.69590231967
6.522890402589613,708.3022335446044,0.47298893009389653,7.69649212715
0.12685046955571547,881.868426590234,0.28952467343938576,6.73909555786
11.314249172939617,418.16848058562965,0.4192300641916143,7.69557032218
4.273537232537841,44.81001131954535,0.4924304195041984,7.69479239521
14.080848195555527,15.767921757563613,0.42833076263814607,7.86059514677
8.899315409769375,508.7707607825894,0.4649300449769986,7.69648486898
29.730741681370567,746.174099471911,0.44557824864036727,7.69608962236
3.3405332874134785,246.800996424332,0.48060209162783957,7.68919767304
19.56641198223657,288.23941093295457,0.3496388136635005,7.69444371953
0.15902477844687687,141.98919424486064,0.38866396367710765,6.79239028023
32.20337133110645,370.466576297923,0.40635322756610304,7.69533388396
26.649517031023326,125.67753478651866,0.45539648787698256,7.696296851
54.08794401012858,566.1187219749795,0.2537044410126802,7.69351205621
1.6511768942930904,445.42723962676524,0.43941466263482487,7.60176909793
6.688680131456788,402.044533276754,0.3653645851686848,7.69450337975
49.01292976779093,66.46005295952334,0.4989508439384838,7.69730352352
12.958300431267011,428.9058658870522,0.4226271840440441,7.69563168251
24.188913042954866,164.16414446240492,0.3796250513229765,7.69488158792
9.848679036247903,622.0948015357397,0.41617829506765214,7.69550459252
15.54363861424367,93.00608518130707,0.2990633381819644,7.69385974043
4.930338147527647,544.78661366194,0.39612451866485454,7.69405250539
1.8706558124370891,267.0297840882596,0.4877294285072366,7.63116918411
19.027498548670582,315.24640136110105,0.4697976437074078,7.69661374803
11.298980448578076,189.1190578273164,0.47810450892122014,7.69679872341
17.18536792917672,30.41913396633649,0.2733359549897044,7.68607286888
21.549653014663665,337.93837138236637,0.4498613669932604,7.69618197068
8.410119164104259,231.14190189761786,0.45822954503856933,7.69633645322
6.625680540077359,580.9142599962212,0.3704212379145126,7.69456155989
3.8380684408541743,673.9576630847332,0.40433937578705353,7.69124621849
0.2718509103235776,380.54723559359985,0.4301030525773598,6.97173866313
13.125724477499512,897.8020604812394,0.31982527348766043,7.69407365135
9.849092259394936,478.5266852961599,0.44038166339349627,7.69597564954
5.586088072809865,525.8258939863264,0.49889994418102535,7.69678499948
23.738926535444286,972.4564521559504,0.3555915183580955,7.69452478708
15.02846443817025,12.723306998481856,0.48497615188699456,8.08087846053
1.7421493696329544,949.9616737472159,0.4116603492623568,7.61383505956
3.223297302014352,978.2720777653262,0.3916667533886281,7.68601589117
0.6315089483060561,919.6630648879819,0.4004578914436011,7.26213974522
0.4217251230714921,869.5647130236225,0.424280683172578,7.13299193148
7.597770996992279,994.0014912766836,0.4345074606900443,7.69580476078
4.825447790760281,980.5584584245958,0.37622294176251075,7.69358073484
0.24219865665993012,954.9693636741194,0.41015786932823106,6.93128486707
2.6261394816302754,816.9880818818351,0.3843448500023266,7.67396292428
8.176567916985842,849.7458644429479,0.4007775063638567,7.69519843363
5.9074226358444015,907.3932912384439,0.4491956396189755,7.69579906432
0.1014450852870631,935.9218246193443,0.41878951726492797,6.70045660268
10.957224038016427,936.1225279372333,0.4649186855242968,7.69650256441
3.795576789070566,776.6126818867643,0.42332028985686426,7.69138327429
9.508795518366265,874.6766677553078,0.4152342168535229,7.69548611239
2.291686480557549,895.4693180458179,0.4441080840266517,7.66173412074
0.14040141280026308,802.7546089697648,0.4582467165127685,6.76231099363
6.516469116120933,907.4978749977023,0.465346480370114,7.69631984288
12.086711876919129,957.514720715371,0.47368870134580704,7.69670055329
4.6846001103846815,824.2434903154858,0.4376960712430972,7.69448086634
8.375058252256599,943.7600044612336,0.4283233987362234,7.6957185488
2.3757617356006904,996.8031769561401,0.3965528160213374,7.66477506966
13.311515901662329,929.0786133605718,0.45169116439223134,7.69622044189
6.65923232991024,843.9877475409014,0.4899297684137043,7.69691296738
10.84860484400474,457.94268333960815,0.38726276462203263,7.69500308947
0.23657596041572157,998.0179357467557,0.4198091285945039,6.92295022263
0.15577435518234284,861.0090532336801,0.3444758142797391,6.78685394962
17.704030370985468,786.7663145449874,0.3685660360401981,7.69470781987
14.846972861374235,881.2557280460022,0.4721415680819889,7.6966650899
3.5802544928680615,691.2985600589437,0.4323224914212273,7.69020701312
8.81301497360258,997.9902734676577,0.41232068913463193,7.69542488849
5.211781452262124,408.7894200647694,0.4431350381359601,7.69525090978
0.11764936633249594,966.1090318910872,0.4582734198589906,6.72154366774
12.3716532211364,962.287895003246,0.480540172045386,7.69685506163
1.7868478179604534,927.2076681417086,0.48681953235965325,7.62168979963
3.752332212588549,959.6204276544718,0.4593093109972119,7.69189175725
7.308879745742443,831.5827386216171,0.47701595560592713,7.69668712198
15.585231833053335,902.6559845431071,0.10031696859969319,7.69322201058
9.96217708433521,939.5331259106165,0.4935121738195817,7.69716693988
1.7291561349119782,880.1948669146991,0.46666398843920653,7.61373365544
5.132109107977119,975.6671159807306,0.4982438141521948,7.69642434102
79.92847947611754,762.9610671476839,0.4622357273841914,7.69644753172
60.14705340772565,918.5186666761329,0.49995369217679897,7.69733235751
74.1044898069411,732.5057148932646,0.4518613019861596,7.69622532858
20.44232034906605,803.2431498453765,0.472681869426853,7.69667505156
7.113298052384202,999.0212473346216,0.4823168229211201,7.69679684128
11.756919426542648,973.54274786455,0.4377353509347322,7.69593144737
17.205060972430203,845.5803943106896,0.4541036409917757,7.69626971024
92.29015861599368,892.2659902708489,0.4908503477802506,7.6971057088
3.5575912032471733,934.8780576190538,0.4994918076286538,7.69157272338
14.36152184067788,996.2038971880427,0.11719841242162454,7.69318559484
9.169292890022364,867.1094355420103,0.4455299948359222,7.69607834873
1.9158159329273,888.3550018900819,0.43015876551827226,7.63408967423
5.596329591088794,918.8505780952432,0.467119411830638,7.6960380557
51.20494038312562,964.9728795466331,0.4997741678081382,7.69732712263
11.186354719882663,808.6513343284796,0.4571895160527486,7.69633877018
0.35242919293477915,856.4157639042998,0.47462371887066557,7.06937679093
8.18168412079775,826.9884805436039,0.483506963632811,7.69689085336
18.583658519353634,948.8554623906127,0.42603842857043966,7.69569840172
1.6468547472665307,772.2458828799721,0.41867482231302916,7.60048767479
3.6892324114504835,999.419350610442,0.43659305432591267,7.69102919799
13.32319705492952,740.1545009514498,0.4418127260628328,7.69601610002
6.358302693242349,918.3917575145788,0.4477746749657411,7.69591121546
22.275677399163534,505.110109952223,0.4071917609115379,7.69535020543
10.047789859137485,648.7791679955037,0.461606736902962,7.69643037053
4.50325704940955,845.9847728473608,0.4867344401270159,7.69521651154
16.092276674842207,711.4979221336555,0.3929384815042811,7.6951021375
96.84137750905442,366.29003194284445,0.20054498447026353,7.69327966067
0.7646024282383581,433.85784981024483,0.4688351420357172,7.33154413865
26.981648289119786,975.0628522209051,0.3801055042933814,7.6948870084
0.17677293112996018,596.6595535171299,0.41882521705986103,6.82231539948
69.73756467412757,480.9217015401157,0.4782689353649079,7.69680317066
7.999275075856234,999.6654856017128,0.4550515186355317,7.6962482955
0.361220743105282,391.875198202539,0.49386694474537385,7.07899640054
13.750622407066613,944.4454855507345,0.42766917559964873,7.69573290976
0.17722687869156628,893.8631668746443,0.4042197661576071,6.82300487292
6.0216388308384206,352.8848316174647,0.449452936558261,7.69584625138
43.151005435898156,788.561398353246,0.18430761360308592,7.69323276463
47.06311151301758,553.7892619507295,0.442451551358842,7.69602736575
99.93653445873227,970.9395704866199,0.4620582509042875,7.69644387744
82.20123741845507,867.6026054278307,0.49975414434843285,7.69732704523
3.261549255101931,827.8380396449536,0.4753664171201356,7.68822093847
0.10483049740495315,907.7436874525198,0.43436251631972533,6.70385096494
34.3191607211559,748.1006907221312,0.3631433115485807,7.69463269241
12.568429162490842,721.2600973727559,0.39355507034058934,7.6951095806
64.90094097246491,621.9843931415226,0.3825194767780364,7.69492388593
19.875270618584267,690.5067409699684,0.33486046109483525,7.69425479826
9.731436736619003,453.54300028213964,0.4121713094384225,7.69543211095
5.248816987986907,659.7406855075019,0.37025400269931635,7.69396802739
89.31121060528841,809.9229109336457,0.35377831748436533,7.69450011283
40.2981925953142,532.7789498512052,0.43481749009671367,7.69587739634
16.88400912593115,897.8096775661807,0.4166468946171309,7.695517583
2.537994740353826,912.0547124656233,0.39968175474084244,7.67136830698
10.829735070209091,320.08895341470827,0.4252128457771773,7.69568143224
24.992461271439446,877.9881415373269,0.3753607200732189,7.69481319783
15.40936386098122,763.2397507208773,0.24313574399989965,7.69344949874
7.2114990095289215,402.67244800748415,0.39032218260869733,7.69495972494
3.703200725991533,936.0654845995867,0.1652096544137754,7.68824641364
0.18762170253253863,499.0484659717387,0.4070664455590204,6.84015632582
55.44088571566293,856.5385447319976,0.43555530606666215,7.69589112328
8.564973092358,430.90998917682947,0.4490481437576377,7.69614166172
18.4553112471893,794.1351276404338,0.3048136607495083,7.69391583838
1.8865859517620818,842.8070843259712,0.35925276979808485,7.62940681139
11.41623973071434,339.48218106934803,0.4186489009138853,7.695558975
0.13831606602183058,301.03705540984373,0.4284665649334574,6.75850415372
29.321834429077995,578.3364477389658,0.4684789165022846,7.69658208856
5.599555695970337,459.81015742307034,0.3434386001399408,7.69384406596
20.930930832603565,519.8286802481407,0.3832890057440992,7.69493765477
63.05861105668788,378.1982040756427,0.3985190318447824,7.69519690195
13.96727352809498,918.0479195959605,0.4869676658221156,7.69700890998
7.1522802739797635,999.6458207443318,0.3272184698055487,7.69405988757
2.823232149613368,279.6007617053058,0.4404380546997517,7.68029864442
66.89660218097768,606.640913171118,0.4787531540701836,7.69681341873
9.859211603699018,947.97890913127,0.4128315450730725,7.69544484103
37.284540234265236,553.8691036771909,0.4536847273036058,7.69626016904
4.759526023455335,414.5041878926488,0.42297004851023434,7.69431111722
8.228626622541833,468.09730471273275,0.4316841945507366,7.69577994513
23.225021653456615,885.8701834748201,0.1541311423778165,7.69317911099
11.775995670240988,827.1985170156839,0.49156587138209173,7.69712110927
2.27522109125106,675.5730684016405,0.40534147001363013,7.65996138643
16.85327155536808,701.0594360121008,0.44497275523980423,7.69607775451
0.14912671415838244,933.3042410262877,0.47029571629585565,6.77691061187
32.000327129591454,638.1469662651915,0.3881398382382071,7.6950222295
4.793056416326092,985.3582852906711,0.43570130485545316,7.69461083618
0.18592921680010455,358.7216919293072,0.3686610846612279,6.83726242741
13.932813205328292,779.93169882066,0.45564864707763963,7.69630278786
7.031505495326775,499.8695927940855,0.46518640315839954,7.69639710682
3.191580842077082,866.3350289553243,0.3952264317186886,7.68568576353
10.581255264865263,902.5553188686781,0.49973471545700965,7.69732307249
18.861877332782296,956.4077483428034,0.13195248517885874,7.69317408987
15.33281059859839,260.5650714517013,0.35139145902282454,7.69446914723
4.919337594253102,388.2243147708848,0.4829305968391038,7.69580715426
84.77045071559505,213.20024206187992,0.28570936643170025,7.69373846623
12.2098412354262,808.7751546429979,0.3763347748636195,7.69482457998
8.877011488295524,751.6617068030239,0.3130916804298869,7.69398174235
6.384140538453907,982.2277764577555,0.4141239806192924,7.69525100011
1.7969754402423097,414.373335154631,0.4235802728918092,7.62103712752
27.043834914303385,326.37220266159426,0.4458035950673268,7.6960949237
0.24114455386029063,441.20161563475426,0.46284012866588536,6.93091864724
20.795842409602223,288.887124867744,0.40645523439545367,7.69533683828
3.37166871111434,479.399768993233,0.47655767690314815,7.68941198809
52.678201722716274,562.9981374402144,0.36087415186391036,7.69459893759
8.682411111158185,725.5402109603178,0.43230835056598754,7.69580389727
13.424954661921884,535.7660804794683,0.49020046346120805,7.69709008323
16.128689706499966,839.6528460909329,0.4512145409374431,7.69621228754
22.8965098665521,920.6254691151254,0.43955034339518506,7.69596700268
2.0677570523205495,241.1254781515513,0.418771337206794,7.64692381348
45.1296475035541,998.078630188858,0.4998079145766061,7.69732788614
6.497948027809087,351.3124699131214,0.40136403918210545,7.69504645211
10.435432626713988,587.9974779012973,0.38810837892081185,7.69501712152
3.880592985819094,516.7377054774868,0.4723328009187332,7.69285473019
18.344376312303385,894.5703301652245,0.46177949913721433,7.69643584152
76.45729204372702,315.21234501003795,0.33982683584665385,7.69431949018
0.27928924529100474,769.9846277458122,0.48254552296336667,6.98231130952
5.933557037201872,958.4816205666657,0.4497769268618585,7.69582054915
12.416648694413503,862.6301975639061,0.4261852315323961,7.69570434654
8.734581186380485,652.2965387511181,0.3778315090123504,7.69483248942
58.88588205704422,932.5603677574248,0.41090623240179674,7.69541879796
2.4077488798956295,487.5735094203931,0.4583633491109546,7.66761408236
25.26682894712208,429.0783528602607,0.4438520189992665,7.69605451482
15.202209696286888,812.4218557964767,0.2320632546266475,7.69339329739
0.30664661696781476,620.2489278490089,0.48992736510091095,7.01705044467
4.800052857865577,999.3307259847786,0.46887326989115075,7.69532813358
7.059404373574736,364.85978546393164,0.3990373779274624,7.69509408444
9.49233150189586,873.6690179080325,0.21839645339359015,7.69332502227
72.85372912942233,382.914981484767,0.4316744008959166,7.69581396572
30.571678155747737,456.63473301330697,0.4201558459070998,7.69558976101
11.407894567886139,195.5621838212721,0.38354026577193073,7.69494202298
17.509113038249016,976.7619529430767,0.4996362662273925,7.6973224293
0.1969069425708322,907.159255510565,0.476856905585766,6.85610462461
35.122536566573174,788.6607731568185,0.3665489962341234,7.69468398009
20.577972950600234,333.6039893797912,0.39386178339324546,7.69511653752
3.986833762850853,402.5041188551076,0.4572140421975305,7.69299223929
13.197182667531482,274.37439695942624,0.3231178244884667,7.69411159063
0.17840247981145999,834.9903493220808,0.43650068597682323,6.82508846846
7.694541861805216,570.3396556449119,0.4119035434022219,7.69537947153
2.2784033537495803,961.905647889474,0.2631540518806589,7.65775281725
2.546660495318244,950.8003078018877,0.4544831216481939,7.67288695398
5.958213663613883,960.5066337419488,0.45979331463624595,7.69604622411
4.315193412108306,980.7073925641508,0.4694000381583994,7.69436816023
0.46430645341146537,933.2428051109031,0.4439195048120559,7.16506988776
1.4481746819439676,902.1473953156753,0.4812525649192009,7.56662874327
4.298513680521357,927.1882989411981,0.49100310169083616,7.69482688583
7.327712164216957,879.6213690698685,0.4497588205646074,7.69609577399
0.12590336594703952,997.7686767076677,0.4351806429009439,6.73651382513
2.0404158114546966,999.6548854475094,0.4259970556320793,7.64497987014
0.1774236961886373,945.9339098097607,0.4608708507315488,6.82361640137
9.783297951215877,980.1178083623756,0.4703910412875668,7.69662213978
5.699123499238905,850.2920610658804,0.4449211213897386,7.69561617313
2.03168981220492,905.3231139609776,0.4998465062765093,7.64634076715
3.8647163803200093,975.342453050224,0.4789192464245686,7.69292427299
8.1744351405423,941.1519952248918,0.4172482699104611,7.69549961285
9.991893911417641,884.5611104389558,0.49182939419562993,7.69712200575
0.24267470274195835,916.4632302540439,0.44019851858377645,6.93272611839
6.172930596590983,859.7017386896184,0.42978057192582825,7.69549573778
3.626358470851224,965.5189710437478,0.4535552060011656,7.69098142297
5.481912886936496,824.3038861093181,0.40640044195315067,7.69474690456
8.4951484372927,949.8431178027682,0.48443260104242125,7.69692292564
11.472869259575358,920.0118166098284,0.4237511689501276,7.69565212283
2.1170119069074156,997.2364317667084,0.4625788978842805,7.65165386829
14.392314983582795,887.4877087838529,0.4724298055178068,7.6966711693
0.2864947789339482,846.3402785497118,0.4382728318488919,6.9907340708
3.4900093260240057,981.7603859454535,0.4665130827579399,7.69024437879
7.2632103409224955,934.3627735550558,0.4487825575216259,7.6960715917
12.337644190554588,902.1527004487883,0.41703087236320596,7.69552879943
4.773056200392446,874.0169387740174,0.48144953072974755,7.69557198553
0.241798602408555,957.874486623507,0.40218675463533526,6.9305120572
0.1381133821430378,966.2267335817819,0.431356026135705,6.75815977523
9.805923894939863,999.9839258916952,0.4561762632060205,7.6963079269
2.2537876646734443,917.0902655089104,0.4743312958898064,7.66048945449
7.099321862023278,805.9698928826965,0.49283601451860254,7.6970495768
5.480448755244263,825.8518791249656,0.44390073307683425,7.69546903073
2.1782518536795537,758.7807886025388,0.4223324180807774,7.6546756933
10.811948094531301,431.6844448349317,0.4993354350691478,7.69731441253
8.305110790931126,854.2215621646261,0.4658249651822281,7.6964930302
14.657952854168736,999.6073851829759,0.410399255457995,7.6954082671
5.817328808904056,890.7449124308426,0.4855717360810693,7.69656836543
0.18525328322970208,471.2314670741307,0.4552243558056829,6.83653379354
3.735840870785423,792.9433117369192,0.43385515924215534,7.69125660578
12.61698583707502,939.2598917992656,0.3918868631612213,7.69508542277
16.40960064467353,513.4141556808398,0.4998738542353998,7.69732921415
9.567939637547736,975.6081287448749,0.4459630527279742,7.69609124565
2.32941361575148,396.24152203613744,0.4008481479700956,7.66266352813
0.15740974264383217,741.2780749721232,0.42651187861151113,6.78996132647
0.14540556217650508,306.85175259893697,0.462099203260904,6.77077245131
4.219541734360995,875.2712069135339,0.4392217921443176,7.69344593576
0.12157087622859532,369.00055118952133,0.47535946827707404,6.72848736163
7.186495755847284,445.7862594323224,0.41550959538419296,7.69540327754
11.761186130843932,492.06610141881214,0.4913310752142005,7.69711387553
8.31524884189514,709.2967596575472,0.45317601521528283,7.69621985318
5.335151331961346,926.2094299173608,0.46596616578531175,7.69583772247
2.062499348635772,535.1806993333554,0.48259726649477386,7.64824975012
0.12139648212453251,906.6795930660201,0.38755865096610703,6.72856347983
14.196209743908623,949.35821661964,0.37270399527798426,7.69476943878
10.426667162001152,843.7251769755346,0.4101549230361873,7.69540023285
3.7181898127294577,229.35607483522801,0.427660434027966,7.69102558158
18.525485610501732,342.2127410847967,0.437569232535868,7.69593215273
6.524623714921071,178.1629219325171,0.4486745438845284,7.69596686662
16.001621290655084,677.001618183069,0.49991401401978464,7.69733030215
12.797582191736396,422.7220781671182,0.39630888876129067,7.69515657099
8.658512616876106,980.0471608576077,0.3815060454957374,7.69488988335
2.272273210225883,866.0804645501604,0.4744827210791047,7.66150142151
4.421266977260594,998.6799151808019,0.42262947950558727,7.69365646851
41.87046853474246,775.385737463031,0.4570746754683188,7.69633433035
10.730040960209987,822.1875175009104,0.49050944054541046,7.69709462961
6.544550508541597,888.3128942944522,0.4051554787520781,7.6951223558
2.1086580060105655,249.05507986240823,0.44496706713990664,7.65059189807
0.1934518574349155,922.6502629016927,0.4322177174703861,6.84989066666
0.1521487698062159,151.53172910069148,0.46398112160831584,6.78174719434
4.026307182783977,551.4693944949262,0.41474804325194453,7.69228524869
7.986313185055268,998.7765171168493,0.4809801730582961,7.69682578182
19.35612223158221,962.217788727944,0.3547976438029145,7.6945132197
13.783034736041449,300.4121584470478,0.4679010104730233,7.6965667532
49.228506684096864,381.6632815629141,0.4517499511361962,7.69621946041
5.35233327271601,459.66146495547616,0.2964436873445199,7.69313992971
16.65678560893742,597.3863404005804,0.43984304032262944,7.69597470279
22.615659585086192,114.56523593287233,0.39674411628006073,7.69516583498
10.252500260031459,414.6184604262481,0.4216334261778733,7.69561116433
79.36003169883168,947.105979940827,0.4746802278184742,7.69671508793
2.3855897648728908,501.72942592280936,0.4604026928164281,7.66669195237
12.32572337814984,899.772780090803,0.4089167225262145,7.69538386922
61.076895617746565,853.9542871233687,0.4316288179349023,7.69581269073
7.037302984922144,803.3210114509247,0.48519065234207454,7.69685652885
4.0714241891185114,979.2176601284934,0.4930754951233973,7.69415409112
8.223994941394777,725.6825436259775,0.3833066487107256,7.69490662687
2.032383521138322,636.0731391402891,0.4502053946872615,7.64498336743
9.422622485705151,351.9083611027081,0.3717846812885389,7.69474724644
5.9764373329572535,476.23668967930803,0.44195832652369155,7.69567249246
92.0364250304171,933.7045711895828,0.47028090281951457,7.69662272473
14.158438416741092,998.9244247423445,0.2504799552420426,7.69349104383
0.37989837863204196,278.3763465376897,0.4993860312799715,7.09777910244
3.5624141525925954,329.31444012894895,0.41954069077066014,7.68982140415
87.5580462406758,217.60897064559748,0.3891461904299791,7.69503918401
11.414132734617356,913.9946234067079,0.4056885544085335,7.6953177262
0.20832323596090374,878.9877885413055,0.2810600403956953,6.87376715461
70.54660320565006,830.1750834888439,0.3641706273405469,7.69464397169
17.320851925709846,525.7580931801513,0.45790540376683037,7.69635519595
0.13944499078580505,966.2928383206522,0.42950780309813563,6.76052490669
6.892654531071194,442.8026572976635,0.4767025750360944,7.69663755126
56.94493967496467,790.7226189186993,0.438329207197938,7.69594711504
20.775884910104093,863.822451110418,0.3996544174526975,7.69521480156
39.170571422560755,404.1027432937854,0.3465524353007407,7.69440371162
15.012543353670543,574.5640737884597,0.48237625807662377,7.69689799143
5.285685775746858,930.1383816703158,0.4168849674514018,7.69479358001
2.326772983070484,952.1357071061384,0.45175490529371065,7.66371171998
9.33615928975149,763.2431225478686,0.27211992861367174,7.69362184409
4.067434035220598,88.22912843340174,0.4617845903945105,7.69340970112
28.342658297019778,367.13217296445066,0.4885756046856888,7.69704703831
12.36634805623862,665.8968721212134,0.4258194099520104,7.69569301203
2.096566023951131,841.6107017243439,0.33091928130822634,7.64722380522
7.374656017529149,903.8090160172766,0.37716557528848194,7.69476065211
11.218620596031093,293.72018753514453,0.47169526680496476,7.69665449209
5.278726743221639,611.4774097466128,0.4457331223017734,7.69536198654
1.9053465959986626,972.314777522114,0.4120107661221374,7.63256906877
24.91245301900394,319.2047040683739,0.49314398735939363,7.69716220504
19.055767743958143,692.0077038500759,0.4322331002214712,7.69582508634
0.2776061065504657,883.4353263511202,0.3890736123657718,6.97843340891
8.899727937697413,262.3953500464547,0.4569834516021671,7.69631969991
3.559675064870991,132.60847729270094,0.43972585148310767,7.69021024578
0.20230179646319107,494.82561247954857,0.46776590340626356,6.86508354387
14.736527743013124,57.229208908805504,0.4034846404473994,7.69528533842
5.916427156976981,387.10532995765107,0.4787734311199378,7.69645206758
17.567351509269898,817.9006266240727,0.4232660936662008,7.69564825817
9.660282825097934,195.05017113946678,0.3581207575750573,7.69455412909
12.585447495674025,998.6202194033535,0.4485741516769919,7.6961569712
7.611000918753353,942.5461266792865,0.4996626046033196,7.69726637797
83.04507786934809,545.0845227803874,0.4143075731044034,7.6954775524
0.14248429049171427,985.8222480127581,0.39675220286686663,6.76556251047
21.868966511650903,462.05783235976725,0.1429985990192732,7.693172629
3.451916849362535,420.5578362757262,0.4844631325054226,7.69033590327
68.07732848708109,898.7020879567831,0.4595720233701388,7.6963907677
10.674143463685825,910.8491382114576,0.4361722470090588,7.69589947254
33.05348771901982,855.5185057663384,0.37921482114637073,7.69487503002
4.965318239513418,519.6620175352215,0.4663602609819591,7.69548942315
50.67290670687135,752.3373615642788,0.4512226640453072,7.69621176325
94.65376055222778,955.0667011021671,0.427308821884591,7.69572601226
1.480665215802803,474.91737668431057,0.493439106925278,7.57372709603
15.961909717897237,998.8601171162554,0.406620606434649,7.69533878409
0.1498421563825012,787.8759684346082,0.4763549520318907,6.77814580039
7.805688924821037,438.89306063417934,0.44268227652346365,7.69598122442
12.84399213532063,921.04559766694,0.19111128828754637,7.69324810073
3.185663126679687,246.75635921048814,0.3942631618919815,7.68559230064
46.40757027831053,633.9906135079991,0.4190921765644772,7.69556801178
4.884012902830736,871.6154086365773,0.4679023827309892,7.69542333909
0.11374878144950314,971.8402723221863,0.49926699147216436,6.71491418576
5.868161685056474,347.9721822634649,0.4951465402356892,7.69682711243
0.1493899787510977,933.4407219054483,0.498806636657745,6.7776705167
9.678121419179547,158.7750604619111,0.4845055502098298,7.69694313751
37.15203910128256,592.2165950317503,0.4847672344159466,7.69695491629
23.636400029090954,707.3218567230438,0.2093190595147548,7.6933067518
14.30002318959485,393.6384979967262,0.11311492756461852,7.69319365372
2.0061906071422917,999.3870821156451,0.49140629422522797,7.64400623421
7.827957326078688,206.9366023411057,0.4985571047478737,7.69724934877
19.758715541150437,834.9465256019066,0.4776319370402245,7.69678924972
10.543802570308209,500.05612552899004,0.30691135626980304,7.69393373377
3.6065853607257052,982.0765780929354,0.36871517743496385,7.6892438158
0.12788688486441438,558.3664837773797,0.4711335934236986,6.7401592412
17.10058375478393,311.30307860799144,0.48894460345834845,7.69705738478
43.92453493570521,802.8021018902328,0.3505947803326168,7.694456998
6.315125667967159,963.8950413680463,0.4616338824156909,7.69619572348
12.762711418692662,179.50116356185973,0.4737326664193141,7.69670133954
1.6243113122263086,732.6281030738737,0.434316016578596,7.59743283471
55.07580751233599,889.7179653452829,0.44805519550380485,7.69614050108
4.485801974248379,361.77758082314205,0.48267436717822704,7.69508154717
15.67359895631375,652.7830996052938,0.38643916585292065,7.69499168446
8.609641659667496,402.7191634610346,0.17333707984982044,7.69318802874
10.916178243132384,286.7059143037371,0.3173101595255644,7.69404356582
25.848290935899808,923.0257285654704,0.4994982472910062,7.69732001231
0.1000343977127467,428.676089902186,0.34099758159557275,6.70050864375
2.2080727601436387,101.18166264345444,0.3401737295184285,7.65483000999
3.478316652421806,452.3644470407875,0.3119702570685516,7.68748625412
0.10770273179856418,945.2626678239872,0.2745750351690085,6.71009192241
6.392078423194031,821.5340509078228,0.25910847999351516,7.69332014128
75.15729422250298,852.2897249984769,0.27068665954517335,7.69362316611
8.674241670063232,868.1726477959589,0.2396719282204714,7.69340829586
13.401928699109716,338.73803680409515,0.23242920533854866,7.69339220294
21.559635532649608,10.927425419008841,0.24808737113289484,8.26282235053
4.959069134328406,940.9827411592536,0.2945175257209778,7.6927373872
0.21217013805065885,904.5807190215737,0.2613447170105375,6.88037900606
7.079874555952831,529.9763228849444,0.2677676267812731,7.69349287087
2.138363645355884,757.2904695760278,0.28840546025468544,7.64950353288
18.30204687696252,486.5272167106576,0.28292886232438297,7.69371483287
10.782335686579112,774.5794296546237,0.30375783444496707,7.69390145955
27.893528405301318,68.21331501917996,0.29771078599018946,7.69384176132
0.18038465937301756,885.4738130899011,0.2513261298722519,6.82812972913
15.105701943666324,579.0379033532759,0.3203489774196667,7.69407902762
0.1399737548333333,800.69025276815,0.32954979084933556,6.76114806956
6.111561319722865,609.0309363053336,0.2798613197325299,7.6933874075
3.0347032490256214,229.18215832972237,0.26281018970296266,7.68164094172
8.646097235932078,685.0819320584476,0.28807244980165825,7.69373440501
11.807585719963487,268.3461950572119,0.2729049871410001,7.69363803382
0.1439525067795127,838.9819125261447,0.3093088811315465,6.76809735438
4.089950059704262,375.7601418260339,0.24413897947739482,7.69043312613
6.881319612266593,947.6119740011641,0.21679520463400515,7.69319621778
63.66462548618878,916.2866271207796,0.2232560399658804,7.69335562832
9.442222646924472,980.9401249787361,0.27543290070618226,7.69364679715
52.965021193923434,736.9170329184959,0.19799263980270945,7.69326670652
1.9637591358193591,999.6138054586862,0.2338371244944573,7.63478664862
13.075040602035052,878.4961224496781,0.33840121972438764,7.69429870543
5.3728688473776876,429.6089618609052,0.2995294726814462,7.69318846398
19.628117595750382,42.81124305672574,0.25231650254562527,7.69350102633
17.666876883902194,818.0961777611338,0.2403056965154634,7.6934360247
31.12441080093255,965.1147251943304,0.29243868755199015,7.69379121096
15.430656345643921,898.3337859493703,0.32557165616524036,7.69414067993
1.9574496567470092,123.67788197099503,0.28311908014320053,7.63491772969
4.3065129717965975,945.0346509079528,0.25748300442917166,7.69121540694
2.0745751992894803,967.803473585588,0.266384281928679,7.64455624615
0.2507489769642444,925.1164013618838,0.3159434594931624,6.94226546179
3.5401616312085817,973.0198713135179,0.27554098352894574,7.68762017547
5.5952403937845805,953.1053269259011,0.29363602752216766,7.69327567616
1.8346862232523933,928.2531365338243,0.2553580664871201,7.62178375526
7.158325028616979,913.7667633687003,0.22206377057391202,7.69324727786
3.8421446314772245,993.1211996407255,0.3017181580094909,7.68980568605
1.8743800402915192,857.40434172913,0.3249194006515136,7.62741930233
5.478911256465868,986.330036555806,0.30906950511637366,7.69335971465
8.313813652505319,941.8796651602898,0.3329836902077118,7.69420134877
0.501689077916553,999.6227839025773,0.31800587702925004,7.18659674496
3.357143930580944,892.5069776729524,0.3420655518912939,7.68673880741
0.15761779165359038,965.4430917672128,0.2843695656880571,6.78995240043
6.597187396376432,902.8559013976543,0.2683027891827466,7.69342449755
1.8833298730944257,999.0642184770824,0.35810276935121765,7.62904847071
4.439707462533677,868.4053442330435,0.22691427821481502,7.69138627608
9.216190059733897,951.714733151582,0.2917965670001308,7.6937770635
0.25448740811608006,929.6567658051046,0.3064710730963355,6.94733866359
10.805983988394066,910.2339737030022,0.2452275738803923,7.69345745365
2.987257522341391,972.5762682574269,0.2372795997150347,7.68064364706
0.24631865655742252,883.8992977860851,0.20686527060795487,6.93449688952
0.2207163551777872,979.3038522075123,0.27838583158130303,6.8953932976
7.610332343754537,999.7335170475516,0.3014870255891122,7.69381606062
5.178792607806678,839.6402763358714,0.28234963153021597,7.69287432277
9.568146288610134,956.28075827595,0.33568794443399314,7.69425695977
3.1407030005870085,942.7279353655765,0.25840541370831227,7.68323175226
0.3074213804528216,868.5476634141753,0.2651193148261075,7.01447815324
7.037989027351525,916.6022985196984,0.3634656155903843,7.69451989117
5.240034865756992,985.6704564993718,0.31119711191050126,7.69319784177
0.11643018563304475,901.1267841107867,0.3513741359235794,6.7203858818
11.36670633453082,942.647972946894,0.32748023362737055,7.69416254499
2.0059864967732346,842.0519587836602,0.2875405791651505,7.63932147521
8.131154925355576,918.8341810269493,0.25014216250456495,7.69345297144
0.17784714898220935,879.3582503995011,0.3485704373716194,6.8238341741
4.195145211968809,972.3773972807841,0.3211861198436584,7.69146259771
6.501842234703388,927.0496790696527,0.2767161412015946,7.69346591945
0.1337482059166048,954.873635577484,0.3016482577789864,6.75040342731
9.9394883231644,467.2871248328314,0.3713844572477202,7.69474612477
2.1670767735474676,999.6925510832549,0.34204426649285374,7.65228754948
13.162782381567677,855.6119920147398,0.27055320592866955,7.69362222611
3.554143705814246,891.8486795934255,0.25479063724409334,7.68757435934
5.35231259495832,815.6981510311252,0.2917424468081554,7.69309629518
8.581916339969407,979.5583317934836,0.23153208943198114,7.69336811292
12.093418905401347,931.3518793498448,0.1825463165079072,7.69322880773
1.9229263710316638,448.7664976168566,0.35806523789691,7.63303535603
0.1184599976798201,514.789664857936,0.31285536045352486,6.72426416642
7.125583283546192,960.7863695263254,0.38152823342533526,7.69480992346
3.7793911154115025,870.1636729595333,0.49896909219454544,7.69298354836
10.141936574974135,779.5663383994565,0.33232511830379596,7.69421999707
5.31150291282896,836.0886729624325,0.37218696455765143,7.69404819301
2.067946250647321,381.8266678219698,0.39237217831665394,7.64631871852
0.2547508505917818,412.26904638286703,0.24646961869340508,6.94709270254
0.10577658189550966,997.6989402761487,0.29870809676954896,6.70731408041
0.17292968285347451,331.1857476002313,0.2948749911514634,6.81556555816
14.176339862051863,985.0422331808934,0.3067580486184781,7.69393435791
0.12513788040750395,938.5687395045603,0.2630449114366117,6.73652598481
7.536233174166193,477.5425329758947,0.30005851530049304,7.69379834653
3.4860876505634733,401.66306080553613,0.28003339551577994,7.68721940669
10.529533377517184,353.88666193069116,0.2762453026760154,7.69365932917
5.350541194144792,439.7918501168485,0.31997912461385714,7.69338845827
0.13006376121620894,905.4281741331275,0.28900812067347775,6.74433796807
81.4273753760192,999.6050476420567,0.334762012924993,7.69425346666
11.545534590594418,552.3027470660018,0.3159943360673686,7.69403144485
8.466049948868,999.553188737791,0.3265100492388865,7.69412662946
6.339757871509537,143.95299942845998,0.27143900621364164,7.69339108506
3.9655669689612316,957.0014911929063,0.29809515995841374,7.69034971676
2.5335061817034448,895.4618111875174,0.3081683927041518,7.6696860961
13.022266356265975,933.4801460185262,0.2576218496264683,7.6935353837
0.1401798514981492,501.89024583685676,0.28162728014906513,6.76159147018
9.00898262810646,997.7811520766631,0.21254955166773273,7.6933004995
16.20111116704619,298.87842173658623,0.24002560306256215,7.69343124115
65.87403712670691,424.74779472789925,0.3428451515406151,7.6943576586
6.704100073191615,978.1955322912102,0.2890961616109106,7.69360496797
40.93979382031203,800.6720690688232,0.31905871573434136,7.69406366259
2.0736231516847905,167.32351641206526,0.26300532598610654,7.64443764834
4.75243172398847,854.0567686361256,0.34945031031766094,7.69309236266
0.16641705633847134,912.3631541601632,0.3289984481515912,6.80455224176
10.259389010930496,955.6789846088591,0.3119773190065295,7.69398475524
3.2537301233953424,382.87115844977694,0.2993926773880092,7.68507396922
14.22252319373356,320.5841788211777,0.2719585408685665,7.69363191332
6.860048328339946,879.757151374074,0.3355509269226486,7.69412775782
1.8323935803058706,934.7943717631263,0.24818917061058426,7.62140897261
12.039092850629054,533.0769121299209,0.28559149392173017,7.69373388303
8.787254537831664,821.9227575409566,0.3046251226724682,7.69389363537
4.9847863994663175,254.0449495104563,0.26696884418693023,7.69254753224
1.9649352175793753,462.4700716357854,0.29378369441732427,7.63578161328
59.33262570238779,365.092143837699,0.22868585430605257,7.69337577216
6.964270281910192,971.5389668457096,0.32490961652892547,7.69401048005
3.5940230562171935,76.9095521506498,0.36253988396507053,7.68906249852
15.858278886397652,490.8742970358341,0.23902964201579935,7.69342765506
5.4231306865480375,23.887586153652677,0.3484939042977975,7.69046502475
0.21386110670404362,572.1399249588216,0.31335753426072344,6.88363699619
9.384995573366401,894.1477493175225,0.2595254788398979,7.6935371975
11.69703953788598,983.309878740207,0.27625979488560404,7.69366178688
96.72312062232709,860.7899399790422,0.28281040653450007,7.69371409041
2.2831022072355345,999.1100375567604,0.35768156519207184,7.65942715199
77.28415817573017,717.840934107197,0.22428412522833985,7.69335749963
99.90315936233478,911.2308173465948,0.30315821012000144,7.69389635663
7.8051504285619835,943.3645800735563,0.3410874704806368,7.69428362777
14.30725405393039,632.8437839249892,0.267259185752635,7.69359537887
89.86166215355922,919.8860102615529,0.3208736694995465,7.69408635663
3.872574256843237,412.4606334028124,0.2513335119443194,7.68954084195
5.779653117017019,999.2084210073738,0.2964996724699841,7.69340052922
85.92092718846054,201.80470629863981,0.29271362493276887,7.69379331885
1.849656319020876,966.7618742931048,0.36370663304951784,7.62555823533
17.84586071722737,345.72197336363877,0.19775191961262184,7.69326563599
47.871623349029115,999.5397928997991,0.21543432196093035,7.6933262084
0.22016001824802994,662.386667589958,0.3316091608306737,6.894919174
11.296540778688751,110.31661566138507,0.374865520884942,7.69480177121
0.1516276137257251,786.0283135155848,0.3141337127525008,6.78025927075
0.11959087562289453,446.8257748098983,0.35006331113614575,6.72577097202
72.38155437921122,877.7785090339961,0.28301063539523913,7.69371590912
8.772107816598316,275.84558668539523,0.30865605776575106,7.69393383257
4.185664730382397,231.57753767469023,0.2445182094242797,7.69077037651
6.4508165212975355,952.7855696147913,0.33731205272620557,7.6940783611
10.371908089443364,927.2417055764876,0.3790645694559227,7.69486898896
13.220709123371819,849.1668015567592,0.275881826323945,7.69366057462
0.1350194057244115,590.1807178403171,0.2548696353609207,6.7528441596
3.5563219559519093,892.0449115244535,0.2876714039081865,7.6878569355
7.25196908175879,516.6670479844172,0.3217805557471003,7.69400598922
2.0589193597483906,310.4194178140942,0.36819501717233194,7.64510304099
20.622998691601257,544.3475174964939,0.20485382099111635,7.69329201457
0.12206081737633517,393.6191430868696,0.3555010467497432,6.73004731567
5.192321487855078,827.8039845717984,0.4008791487636256,7.69442518858
15.585276802332277,764.7882643352856,0.38597660402818224,7.69498464406
35.888231186474336,961.7894581395407,0.3038347127044804,7.6939029954
8.990649454766201,979.2995077355389,0.2325166531757001,7.6933796249
3.494428015043383,938.7738629929842,0.32657302662439086,7.687795648
12.201009277528502,870.5389396741804,0.2662258340682061,7.6935920957
6.380107056983678,999.7698709669008,0.4061207413591479,7.69510547867
2.041279466889516,483.49257905617446,0.29162574785606454,7.64231943504
10.47009566583041,182.3281178156813,0.3433677005485085,7.69435901126
16.998590428260293,610.9524610844932,0.39468378919312447,7.695129165
23.652536487789448,430.2020763542621,0.2751516370661672,7.69365156693
8.275826463255408,802.3250974379433,0.3151657931118339,7.69399050966
14.018929373724268,695.9577157534193,0.25964312247366417,7.69354673323
2.0552571729307867,902.8885941078897,0.41412603653190727,7.6458500818
5.251814575679603,359.7816668496224,0.33384582215673525,7.69347358557
7.7414158746286414,999.9252706151864,0.3005532413639062,7.69381304424
4.128176155928804,834.8768980882792,0.37792358472292237,7.69201167614
10.922881525066773,461.5171832010174,0.3555681786298611,7.69452339633
2.338672154672405,926.0803163743421,0.3910655713355575,7.66290699678
57.550360171392114,333.41346214726246,0.16758593502096472,7.69320399997
5.722070344176033,740.609881048095,0.24155741507200834,7.69297642606
19.334318804483853,11.459610047229638,0.3652265306675433,8.20197605558
1.6338110910733228,954.5414900934665,0.2869599722770511,7.5950958019
0.21595364844514747,47.85514996220746,0.21822472353003552,6.8870695438
9.138489136987808,979.5572708919682,0.4224502229815149,7.69561533305
13.643450366446277,565.8817253588676,0.15250861884621528,7.69317910518
4.122915052401935,292.7348800343109,0.30917308849689285,7.69108041636
7.17429107927364,851.4134703717834,0.3853182992641503,7.69487416871
12.203442712748606,87.65779648057617,0.40937258232171125,7.69538980249
3.3014597292670613,887.3816465597847,0.25264802283078347,7.68520073524
0.1453022235252338,910.4908874833841,0.2653429700093539,6.77051203598
5.191772327109253,370.5349476744417,0.34471186049939917,7.69356157749
16.449037481797042,411.7866631572772,0.40190274287907485,7.69525512767
9.744845359223078,939.2886666283008,0.29641303830346016,7.69382242262
1.901852932299531,510.51123250330323,0.3274378753899888,7.63031818208
62.31301962284551,143.389429946255,0.3720279629256075,7.69476096918
6.773356581887714,875.2818113815047,0.2768126152190079,7.69351480666
4.091428498709085,809.5431449179551,0.41663553835869915,7.69256879775
0.30327262431188123,975.9538357453811,0.4319798605751052,7.01153908634
0.20327160558528162,776.3397749969865,0.4236023357521811,6.86620377969
14.918201741978976,958.8685310159256,0.4418010735692346,7.69601237304
22.157232203293052,389.32957865998515,0.2253075320281428,7.6933623821
0.1208393655843418,259.51040094149096,0.31699191178316505,6.72826621267
38.42537895536371,214.8794124146322,0.2704543869653967,7.69362141692
8.817849414689052,447.11638918058827,0.3965878419786722,7.6951447621
11.524466181629311,917.0827003865852,0.2360271993569458,7.69340900077
34.159144832879164,999.0720905463503,0.35043940437497045,7.69445523959
68.96260013153336,536.0095965112697,0.28419478500726997,7.69372719589
0.18368358950484026,484.5890055191791,0.19111926199198648,6.83410385929
5.497123992818038,862.7891428230171,0.3057395597654336,7.69333402871
18.20586787555841,940.92882687786,0.45205451161705695,7.69623022012
3.202271880499998,891.7042857602654,0.3367239314017425,7.68489725985
8.05914223885783,826.986844069065,0.12917033444224738,7.69313660319
2.107180403138338,671.3425973347073,0.3241894061682044,7.64787671556
6.366369999594396,426.05970942677095,0.3829522177813678,7.69470597085
12.015898948590989,978.5594181897865,0.40601760884846494,7.69532750603
9.801076294744052,965.0598024163431,0.3615947034060846,7.69460279916
4.202093841382327,917.0626359957952,0.2962871981043566,7.69121616219
14.143477972482158,319.6652593351081,0.25768208633812123,7.69353294626
7.0540717026865245,844.7710278174748,0.10493373945707485,7.69309635611
26.389484972687647,646.594313688292,0.430204891235093,7.69578587757
44.72876848274249,471.5263194059843,0.45790510886977115,7.69635400631
29.32926832205225,749.3488823134959,0.446013608067377,7.69610049763
2.018515756701014,719.9512066258467,0.3736947222707619,7.64197634508
4.951311260074173,946.2965640057046,0.24632218851733056,7.69237452537
1.941098269080218,985.3371751286068,0.41566563624392483,7.6361246469
0.13199438304319644,903.4426268326608,0.46574845344098537,6.74739810781
9.92077853354745,791.9850792900554,0.2876508530264167,7.69374665692
20.172303903058754,870.5238389761848,0.2772860480497785,7.69366864828
0.15483323850236705,167.2888998244505,0.4381303576314548,6.78585040877
7.589198865599727,624.8274737887247,0.392856355274146,7.69503439376
12.852323025315265,283.46478914149475,0.42521412763294736,7.69568250832
16.622957055759798,403.75656693277557,0.31111330748487204,7.69398046206
3.4873385842026945,935.7955196357568,0.3195348462884031,7.68765291493
5.621216912997739,123.27769693526449,0.41007924202497203,7.69489219947
50.39866928730775,352.82076132605323,0.34507622556705936,7.69438725442
10.392005281611787,241.42469949381217,0.47517380468533116,7.69672806952
0.2611559728935516,811.2752214805174,0.33184466203166646,6.95645248533
8.086097068473437,508.8513450762381,0.40181409685595,7.69521470829
3.685010027322705,586.0237283136762,0.452382138509103,7.69133624384
14.653031206401572,887.9931887378059,0.26578510886651996,7.69358691548
0.10684307107657942,380.1397155570811,0.36556591479043005,6.70728160783
5.897741064790557,961.7228564752642,0.36066951758723775,7.6942179932
1.9309999528144588,556.664542107623,0.35326428063063353,7.63372060215
11.386154013955956,927.3607212079281,0.3682795181830131,7.69470367708
42.89862885260508,339.88400952807945,0.3442882023106286,7.69437740647
0.12273125727892265,444.4492204444114,0.3573306223769285,6.7312425818
3.33930388632066,847.3772126893815,0.3750884125816958,7.68704376084
17.642316756410693,986.1469154963178,0.3396611486115546,7.69431836583
8.47054985680043,37.06597800311616,0.3501585716919428,7.69442677078
5.129025842408742,196.4608077791628,0.3651422757468876,7.69378348792
